{"step": 0, "training_loss": 2.014505089862768, "_timestamp": 1715206896.357588, "_runtime": 1493.247815132141, "_step": 0, "_wandb": {"runtime": 2234}}